payment_id,due_date,amount,currency,recipient,priority,category,account_from,description,can_be_delayed
PAY00059,2026-05-18,45416.72,USD,Sexton-Cooper,normal,merchant_payout,ACC007,Business-focused demand-driven Internet solution,True
PAY00142,2026-05-18,189868.88,KZT,Johnson-Howard,critical,bill_payment,ACC006,Optional dynamic conglomeration,False
PAY00340,2026-05-18,807.19,GBP,Baker-Klein,normal,cashback,ACC009,Reverse-engineered 6thgeneration parallelism,True
PAY00045,2026-05-18,45707.45,GBP,Mendoza-Smith,normal,cashback,ACC003,Synchronized hybrid intranet,True
PAY00288,2026-05-18,13260.08,USD,"Mitchell, Hoffman and Horn",high,bill_payment,ACC012,Triple-buffered executive Graphical User Interface,False
PAY00461,2026-05-18,15445.31,USD,Campos LLC,normal,tax_payment,ACC002,Re-contextualized encompassing capacity,True
PAY00256,2026-05-18,436191.37,GBP,"Mullins, Day and Bradley",critical,bill_payment,ACC005,Expanded transitional circuit,False
PAY00150,2026-05-18,4817.18,EUR,Bailey-Ramirez,normal,salary,ACC015,Networked 24hour adapter,True
PAY00469,2026-05-18,13816.49,GBP,Blair-Hawkins,normal,cashback,ACC014,Profound context-sensitive capability,True
PAY00479,2026-05-18,7887.34,EUR,White-White,normal,salary,ACC008,Quality-focused high-level artificial intelligence,True
PAY00011,2026-05-18,88970.16,GBP,"Brock, George and Roy",high,cashback,ACC005,De-engineered web-enabled process improvement,False
PAY00017,2026-05-18,76879.82,GBP,"Weaver, Salas and Marshall",critical,salary,ACC002,Quality-focused local hardware,False
PAY00366,2026-05-18,100874.34,GBP,"Brown, Schwartz and Young",critical,bill_payment,ACC006,Ameliorated bifurcated info-mediaries,False
PAY00494,2026-05-18,30636.61,GBP,Goodwin LLC,normal,tax_payment,ACC015,Re-engineered national interface,True
PAY00136,2026-05-18,43042.49,KZT,"Sullivan, Raymond and Stokes",high,bill_payment,ACC006,Upgradable client-driven model,False
PAY00360,2026-05-18,28082.08,GBP,"Bennett, Austin and Williams",normal,bill_payment,ACC011,Realigned background complexity,True
PAY00076,2026-05-18,42835.11,KZT,Gill and Sons,low,merchant_payout,ACC004,Persevering eco-centric challenge,True
PAY00132,2026-05-18,16242.58,KZT,"Lopez, Vazquez and Richardson",normal,partner_settlement,ACC019,Advanced didactic synergy,True
PAY00401,2026-05-18,80447.34,GBP,Evans LLC,high,salary,ACC014,Triple-buffered solution-oriented interface,False
PAY00463,2026-05-19,284994.3,USD,"Chambers, Smith and Hansen",critical,partner_settlement,ACC016,Secured disintermediate capability,False
PAY00091,2026-05-19,14817.14,GBP,Rhodes-Mcgrath,low,cashback,ACC019,Organic dynamic approach,True
PAY00074,2026-05-19,95502.18,GBP,Hunt Group,high,partner_settlement,ACC016,Synergistic bandwidth-monitored utilization,False
PAY00285,2026-05-19,22979.15,KZT,"Walker, Martinez and Young",normal,partner_settlement,ACC010,Function-based 3rdgeneration hub,True
PAY00381,2026-05-19,48637.26,KZT,"Ayala, Gibson and Holmes",high,merchant_payout,ACC020,Reverse-engineered eco-centric flexibility,False
PAY00002,2026-05-19,144784.25,USD,"Valenzuela, Bartlett and Holmes",critical,partner_settlement,ACC019,Balanced client-server application,False
PAY00237,2026-05-19,55998.86,USD,Gibbs PLC,high,merchant_payout,ACC001,Exclusive impactful firmware,False
PAY00370,2026-05-19,40109.5,EUR,Garrett-Vaughn,normal,salary,ACC016,Streamlined discrete core,True
PAY00395,2026-05-19,26948.56,USD,"Morales, Schmidt and Turner",normal,tax_payment,ACC012,Object-based leadingedge time-frame,True
PAY00040,2026-05-19,30439.58,GBP,Key and Sons,normal,cashback,ACC013,Realigned hybrid function,True
PAY00032,2026-05-19,18781.09,EUR,Collins and Sons,normal,bill_payment,ACC019,Multi-lateral radical forecast,True
PAY00048,2026-05-19,40357.83,GBP,Howard Group,high,tax_payment,ACC004,Object-based modular infrastructure,False
PAY00143,2026-05-20,73144.57,EUR,"Escobar, Duncan and Burke",high,cashback,ACC013,Open-architected 5thgeneration superstructure,False
PAY00272,2026-05-20,93245.92,KZT,Castro-Kelly,high,cashback,ACC010,Persistent homogeneous architecture,False
PAY00050,2026-05-20,86433.25,EUR,Hanson Ltd,high,bill_payment,ACC002,User-friendly multimedia portal,False
PAY00358,2026-05-20,7261.94,EUR,"Newman, Nielsen and Lam",normal,bill_payment,ACC006,Customer-focused even-keeled matrices,True
PAY00077,2026-05-20,13846.69,KZT,Molina-Garcia,normal,partner_settlement,ACC018,User-friendly 4thgeneration encoding,True
PAY00311,2026-05-20,59615.08,USD,Montgomery Inc,high,partner_settlement,ACC013,Networked actuating parallelism,False
PAY00271,2026-05-20,29344.21,GBP,Taylor PLC,high,salary,ACC012,Switchable optimal neural-net,False
PAY00321,2026-05-20,43418.11,KZT,Anderson LLC,normal,merchant_payout,ACC019,Sharable empowering collaboration,True
PAY00105,2026-05-20,12568.75,GBP,Spencer-Anderson,low,cashback,ACC001,Devolved high-level productivity,True
PAY00163,2026-05-20,1982.27,KZT,Smith LLC,low,partner_settlement,ACC002,Adaptive upward-trending strategy,True
PAY00139,2026-05-20,63173.92,USD,"Williams, Johnston and Gould",critical,salary,ACC005,Networked stable task-force,False
PAY00138,2026-05-20,45963.92,USD,"Lopez, Briggs and Smith",normal,bill_payment,ACC014,Compatible interactive contingency,True
PAY00251,2026-05-21,26767.29,KZT,Brooks Ltd,normal,tax_payment,ACC002,Multi-channeled global adapter,True
PAY00113,2026-05-21,493356.91,EUR,Anderson and Sons,critical,partner_settlement,ACC006,Triple-buffered discrete analyzer,False
PAY00306,2026-05-21,398854.16,GBP,Sandoval Group,critical,tax_payment,ACC012,Polarized contextually-based website,False
PAY00189,2026-05-21,43361.13,KZT,Tucker Group,low,cashback,ACC001,Vision-oriented intangible Graphical User Interface,True
PAY00277,2026-05-21,176094.23,USD,"Wolfe, Jones and Alvarez",critical,merchant_payout,ACC004,Programmable hybrid info-mediaries,False
PAY00474,2026-05-21,347372.11,EUR,Schneider LLC,critical,partner_settlement,ACC020,Open-architected zero-defect capability,False
PAY00021,2026-05-21,33826.56,EUR,Fernandez Ltd,high,bill_payment,ACC006,Multi-channeled demand-driven toolset,False
PAY00282,2026-05-21,9375.41,KZT,Foley PLC,normal,merchant_payout,ACC003,Mandatory incremental open architecture,True
PAY00162,2026-05-21,347629.3,GBP,Wheeler-Curtis,critical,merchant_payout,ACC008,Reactive well-modulated productivity,False
PAY00421,2026-05-21,83029.44,KZT,Rivera-Benson,high,tax_payment,ACC007,Distributed encompassing Internet solution,False
PAY00437,2026-05-21,14749.18,USD,"Butler, Mitchell and Parker",low,merchant_payout,ACC017,Enhanced systemic service-desk,True
PAY00126,2026-05-21,364712.4,KZT,"Orozco, Sullivan and Robles",critical,salary,ACC004,Vision-oriented methodical productivity,False
PAY00219,2026-05-21,75741.5,USD,Guerra-Atkinson,high,partner_settlement,ACC001,Public-key responsive attitude,False
PAY00341,2026-05-21,1719.1,GBP,"Owens, Hill and Foley",normal,bill_payment,ACC019,Customer-focused clear-thinking contingency,True
PAY00383,2026-05-22,88271.9,GBP,"Riley, Ellis and Johnson",high,bill_payment,ACC019,Balanced motivating help-desk,False
PAY00394,2026-05-22,33781.52,EUR,Garcia PLC,normal,partner_settlement,ACC007,Reverse-engineered mission-critical function,True
PAY00137,2026-05-22,68348.07,KZT,Carter-Navarro,high,merchant_payout,ACC019,User-friendly fault-tolerant benchmark,False
PAY00116,2026-05-22,31714.06,USD,Foster-Serrano,high,salary,ACC002,Adaptive neutral product,False
PAY00053,2026-05-22,28930.25,GBP,Stevens LLC,normal,partner_settlement,ACC015,Persistent solution-oriented artificial intelligence,True
PAY00184,2026-05-22,27428.77,KZT,Todd Ltd,normal,merchant_payout,ACC006,User-friendly interactive benchmark,True
PAY00015,2026-05-22,251690.19,KZT,"Munoz, Washington and Kirby",critical,salary,ACC011,Intuitive static paradigm,False
PAY00466,2026-05-22,46933.35,GBP,"Stevens, Small and Robertson",high,cashback,ACC002,Future-proofed multimedia Graphic Interface,False
PAY00333,2026-05-22,35231.99,KZT,Owens-Jackson,high,partner_settlement,ACC003,User-friendly web-enabled success,False
PAY00362,2026-05-22,96594.02,EUR,Payne Group,critical,cashback,ACC010,Cross-platform motivating monitoring,False
PAY00125,2026-05-22,168400.98,EUR,"Stevens, Jones and Fox",critical,partner_settlement,ACC011,Self-enabling coherent support,False
PAY00430,2026-05-22,217489.82,GBP,"Jones, Burns and Reeves",critical,cashback,ACC006,Multi-lateral modular parallelism,False
PAY00233,2026-05-22,316796.3,USD,"Gomez, Nicholson and Smith",critical,bill_payment,ACC015,Optimized optimal Internet solution,False
PAY00422,2026-05-22,35525.13,KZT,Preston-Smith,normal,salary,ACC001,Enterprise-wide 24hour projection,True
PAY00234,2026-05-22,60375.52,KZT,Sims-Smith,high,salary,ACC017,Realigned bi-directional interface,False
PAY00152,2026-05-22,19277.72,GBP,Finley-Martin,high,tax_payment,ACC020,Reactive human-resource matrices,False
PAY00033,2026-05-22,84662.53,USD,"Meyer, Burton and Francis",critical,cashback,ACC017,Customer-focused zero administration software,False
PAY00220,2026-05-22,34691.93,EUR,Davis-Beck,high,salary,ACC004,Exclusive responsive customer loyalty,False
PAY00095,2026-05-23,30062.41,KZT,Rodriguez Inc,normal,bill_payment,ACC013,Advanced actuating firmware,True
PAY00292,2026-05-23,33633.74,GBP,"Burke, Thompson and Mason",low,salary,ACC011,Distributed transitional instruction set,True
PAY00323,2026-05-23,12484.79,KZT,"Thomas, Reid and Barnes",low,bill_payment,ACC008,Ergonomic actuating hardware,True
PAY00146,2026-05-23,64234.32,USD,Austin-Jones,high,bill_payment,ACC018,De-engineered heuristic frame,False
PAY00386,2026-05-23,150.3,USD,"Valdez, Douglas and Mitchell",low,merchant_payout,ACC009,Realigned directional info-mediaries,True
PAY00010,2026-05-23,33449.69,USD,Mcmahon and Sons,normal,tax_payment,ACC001,Multi-lateral homogeneous approach,True
PAY00465,2026-05-23,252232.1,USD,Martinez-Gould,critical,bill_payment,ACC003,Fully-configurable analyzing groupware,False
PAY00212,2026-05-23,102017.17,GBP,Stanley-Martin,critical,bill_payment,ACC013,Versatile high-level system engine,False
PAY00215,2026-05-23,98118.98,USD,"Torres, Brown and Fletcher",high,cashback,ACC006,Reverse-engineered neutral forecast,False
PAY00373,2026-05-23,17599.9,EUR,"Klein, Lyons and Reed",high,bill_payment,ACC019,Team-oriented real-time adapter,False
PAY00051,2026-05-23,39698.14,GBP,Lawson and Sons,high,tax_payment,ACC005,Optional zero administration architecture,False
PAY00026,2026-05-23,91509.22,USD,"Stanton, Burns and Long",high,partner_settlement,ACC008,Progressive client-server synergy,False
PAY00295,2026-05-23,381623.29,KZT,"Fletcher, Herrera and Gibbs",critical,bill_payment,ACC011,Devolved responsive knowledgebase,False
PAY00411,2026-05-23,36468.87,EUR,Collins-Wilson,normal,cashback,ACC007,Grass-roots needs-based algorithm,True
PAY00410,2026-05-23,5031.7,USD,Rivera-Conley,normal,tax_payment,ACC017,Integrated attitude-oriented Local Area Network,True
PAY00005,2026-05-24,3126.79,GBP,Simmons Inc,normal,cashback,ACC003,Re-contextualized composite installation,True
PAY00309,2026-05-24,188697.52,EUR,Cox-Garza,critical,merchant_payout,ACC004,Cloned multi-state approach,False
PAY00198,2026-05-24,40709.33,KZT,"Graham, Moran and Richard",high,tax_payment,ACC016,Profit-focused impactful task-force,False
PAY00314,2026-05-24,148921.65,EUR,"Robinson, Allen and Cummings",critical,bill_payment,ACC014,Advanced executive support,False
PAY00108,2026-05-24,111506.79,GBP,Nelson Inc,critical,cashback,ACC013,Re-contextualized tangible Graphic Interface,False
PAY00485,2026-05-24,20694.32,EUR,Walker LLC,low,merchant_payout,ACC001,Exclusive 5thgeneration leverage,True
PAY00201,2026-05-24,12866.36,USD,Snyder-Valdez,normal,tax_payment,ACC018,Realigned object-oriented moderator,True
PAY00396,2026-05-24,359825.62,EUR,Mckinney Ltd,critical,cashback,ACC002,Total bottom-line implementation,False
PAY00242,2026-05-24,296777.3,GBP,Gibson PLC,critical,merchant_payout,ACC003,Monitored bandwidth-monitored interface,False
PAY00239,2026-05-24,19307.65,EUR,Owens-Romero,high,tax_payment,ACC003,Customizable dynamic projection,False
PAY00087,2026-05-24,34118.08,GBP,Herrera-Schwartz,normal,cashback,ACC017,Horizontal bandwidth-monitored Graphic Interface,True
PAY00458,2026-05-24,296638.32,GBP,Martinez-Rose,critical,merchant_payout,ACC002,Virtual bifurcated product,False
PAY00025,2026-05-24,156016.14,KZT,Matthews PLC,critical,partner_settlement,ACC008,Front-line disintermediate Local Area Network,False
PAY00441,2026-05-24,58947.26,GBP,Cruz and Sons,high,tax_payment,ACC012,Assimilated background solution,False
PAY00216,2026-05-24,34744.5,EUR,Duarte-Gordon,normal,merchant_payout,ACC005,Multi-lateral context-sensitive function,True
PAY00035,2026-05-24,64175.04,KZT,Sheppard-Peters,critical,bill_payment,ACC010,Distributed zero-defect standardization,False
PAY00345,2026-05-24,376767.89,KZT,Smith and Sons,critical,cashback,ACC008,Cloned background paradigm,False
PAY00274,2026-05-24,22725.89,EUR,Rogers-Lewis,low,cashback,ACC015,Object-based object-oriented collaboration,True
PAY00240,2026-05-24,11021.72,EUR,Hines and Sons,normal,tax_payment,ACC004,Sharable 3rdgeneration adapter,True
PAY00122,2026-05-25,39460.0,GBP,"Lucas, Burke and Cole",normal,merchant_payout,ACC015,Networked real-time process improvement,True
PAY00161,2026-05-25,74501.35,EUR,Bennett and Sons,high,cashback,ACC007,Intuitive didactic model,False
PAY00120,2026-05-25,99522.98,USD,Hayes LLC,high,salary,ACC017,Digitized mission-critical firmware,False
PAY00284,2026-05-25,41703.48,USD,Anderson Inc,high,cashback,ACC020,Object-based systematic infrastructure,False
PAY00151,2026-05-25,56480.42,KZT,Dodson Ltd,high,salary,ACC002,Centralized value-added array,False
PAY00188,2026-05-25,11989.05,KZT,"Archer, Taylor and Curry",normal,tax_payment,ACC005,Compatible 24/7 complexity,True
PAY00354,2026-05-25,25707.15,USD,"Mendoza, Schwartz and Morris",low,bill_payment,ACC013,Centralized reciprocal portal,True
PAY00177,2026-05-25,75745.05,KZT,"Myers, Cain and Bernard",high,cashback,ACC012,Team-oriented object-oriented core,False
PAY00073,2026-05-25,27732.39,GBP,"Garcia, Rose and Sims",low,partner_settlement,ACC017,Enterprise-wide radical knowledge user,True
PAY00038,2026-05-25,319.24,USD,"Andrews, Pham and Manning",low,bill_payment,ACC010,Profit-focused dynamic alliance,True
PAY00448,2026-05-25,62717.64,EUR,Taylor-Harvey,high,bill_payment,ACC012,Multi-tiered maximized throughput,False
PAY00492,2026-05-25,64148.61,USD,Perry PLC,high,salary,ACC013,Profit-focused multi-tasking complexity,False
PAY00049,2026-05-25,373207.11,GBP,Nelson Group,critical,tax_payment,ACC016,Phased context-sensitive knowledgebase,False
PAY00063,2026-05-25,398922.39,GBP,Torres LLC,critical,merchant_payout,ACC016,Seamless intermediate moratorium,False
PAY00416,2026-05-25,48891.01,KZT,Hebert-Thomas,high,partner_settlement,ACC006,Assimilated neutral open system,False
PAY00238,2026-05-26,47662.2,GBP,Webb Inc,normal,cashback,ACC004,Ameliorated optimizing hardware,True
PAY00079,2026-05-26,476.88,KZT,Gilbert Group,normal,tax_payment,ACC012,Robust human-resource matrices,True
PAY00230,2026-05-26,256536.03,EUR,"Lopez, Armstrong and Hernandez",critical,cashback,ACC019,Profit-focused homogeneous Graphical User Interface,False
PAY00090,2026-05-26,84822.84,GBP,Kidd-Wiley,high,salary,ACC002,Cross-group optimizing protocol,False
PAY00210,2026-05-26,17777.32,KZT,Murray LLC,normal,tax_payment,ACC019,Multi-layered high-level array,True
PAY00069,2026-05-26,78998.09,GBP,Brewer-Dickson,high,bill_payment,ACC014,Grass-roots exuding project,False
PAY00343,2026-05-26,25280.57,EUR,"Ramos, Summers and Berry",normal,salary,ACC012,Advanced content-based array,True
PAY00168,2026-05-26,228768.67,KZT,Estrada-Martinez,critical,bill_payment,ACC005,Virtual attitude-oriented matrices,False
PAY00046,2026-05-26,30136.76,EUR,Garcia-Valentine,high,partner_settlement,ACC010,Fully-configurable well-modulated open architecture,False
PAY00491,2026-05-26,18381.5,USD,Sullivan-Martinez,normal,bill_payment,ACC019,Upgradable cohesive emulation,True
PAY00172,2026-05-26,34438.32,USD,"Mills, Edwards and Frazier",normal,partner_settlement,ACC010,Progressive discrete array,True
PAY00174,2026-05-26,127350.63,EUR,Guzman Inc,critical,cashback,ACC009,Function-based actuating functionalities,False
PAY00305,2026-05-26,92230.05,KZT,Hanson Ltd,high,cashback,ACC020,Front-line actuating collaboration,False
PAY00301,2026-05-26,23583.62,EUR,Salazar Inc,normal,salary,ACC011,Function-based composite secured line,True
PAY00428,2026-05-26,6869.96,GBP,Walker-James,normal,partner_settlement,ACC005,Stand-alone executive migration,True
PAY00043,2026-05-27,25001.61,GBP,Schaefer-Collins,normal,cashback,ACC017,Pre-emptive demand-driven neural-net,True
PAY00298,2026-05-27,14176.96,USD,Roberts LLC,low,partner_settlement,ACC020,Fundamental fresh-thinking hierarchy,True
PAY00445,2026-05-27,46924.9,EUR,Chang and Sons,normal,bill_payment,ACC020,Total exuding archive,True
PAY00460,2026-05-27,205471.05,KZT,"Price, Patel and Thompson",critical,partner_settlement,ACC020,Open-architected hybrid intranet,False
PAY00022,2026-05-27,49600.64,EUR,Murray PLC,low,salary,ACC013,Multi-layered optimizing monitoring,True
PAY00480,2026-05-27,74214.78,USD,Mills Ltd,critical,tax_payment,ACC020,Synchronized optimal complexity,False
PAY00200,2026-05-27,61527.8,EUR,Wilson Inc,high,tax_payment,ACC020,Decentralized tangible strategy,False
PAY00487,2026-05-27,16634.03,USD,Glover-Torres,low,partner_settlement,ACC005,Ergonomic foreground encryption,True
PAY00003,2026-05-27,374007.53,KZT,"Barrett, Blankenship and Molina",critical,cashback,ACC015,Multi-layered context-sensitive architecture,False
PAY00431,2026-05-27,15084.31,EUR,"Lucas, Whitaker and Osborn",normal,tax_payment,ACC010,Organized dynamic contingency,True
PAY00452,2026-05-27,97436.18,EUR,Leon LLC,high,cashback,ACC007,Triple-buffered transitional benchmark,False
PAY00000,2026-05-27,17000.91,USD,Duncan PLC,high,partner_settlement,ACC008,Focused well-modulated leverage,False
PAY00335,2026-05-27,188942.92,KZT,Clark Ltd,critical,salary,ACC020,Total radical moratorium,False
PAY00408,2026-05-27,48127.66,GBP,Rice and Sons,high,tax_payment,ACC012,Optimized context-sensitive hub,False
PAY00405,2026-05-27,13435.42,GBP,Burgess and Sons,normal,merchant_payout,ACC020,Enterprise-wide grid-enabled Graphical User Interface,True
PAY00245,2026-05-27,84352.02,GBP,Lawrence Inc,high,salary,ACC011,Universal even-keeled Graphical User Interface,False
PAY00092,2026-05-27,452196.96,KZT,Rogers and Sons,critical,cashback,ACC009,Virtual impactful approach,False
PAY00060,2026-05-27,8084.0,KZT,"Johnston, Clay and Johns",low,merchant_payout,ACC015,Intuitive 24hour capacity,True
PAY00281,2026-05-27,32590.94,GBP,Maynard-Williamson,normal,merchant_payout,ACC012,Horizontal uniform throughput,True
PAY00066,2026-05-27,65264.74,KZT,"Fox, Harris and Burns",high,salary,ACC016,Virtual zero tolerance application,False
PAY00387,2026-05-27,14276.11,EUR,Moore PLC,high,tax_payment,ACC018,Future-proofed global encoding,False
PAY00094,2026-05-27,39544.64,USD,"Torres, Ford and Fisher",high,partner_settlement,ACC019,Streamlined demand-driven info-mediaries,False
PAY00379,2026-05-27,30464.78,GBP,Perry LLC,high,tax_payment,ACC013,Open-source intermediate superstructure,False
PAY00268,2026-05-27,9280.39,KZT,"Simmons, Weiss and Lee",low,cashback,ACC002,Organized regional budgetary management,True
PAY00334,2026-05-27,456653.87,EUR,Nguyen Ltd,critical,cashback,ACC001,Re-contextualized background service-desk,False
PAY00412,2026-05-27,33517.9,USD,Jacobson Group,normal,merchant_payout,ACC008,Optimized logistical Local Area Network,True
PAY00415,2026-05-28,62966.76,GBP,Hammond and Sons,high,partner_settlement,ACC017,Automated grid-enabled algorithm,False
PAY00318,2026-05-28,36306.11,GBP,Garcia-Wilson,low,salary,ACC005,Front-line optimal forecast,True
PAY00296,2026-05-28,35256.68,KZT,Webb Group,normal,partner_settlement,ACC017,Front-line transitional firmware,True
PAY00329,2026-05-28,17679.76,KZT,"Silva, Jones and Chandler",normal,merchant_payout,ACC015,Digitized fresh-thinking software,True
PAY00327,2026-05-28,53967.07,GBP,"Rose, Moore and French",high,partner_settlement,ACC012,Secured zero-defect projection,False
PAY00359,2026-05-28,36420.08,GBP,"Shepard, Jenkins and Mosley",normal,salary,ACC016,Horizontal human-resource secured line,True
PAY00183,2026-05-28,66193.29,KZT,"Schultz, Gonzales and Compton",high,tax_payment,ACC003,Vision-oriented radical adapter,False
PAY00371,2026-05-28,23534.16,USD,Thompson Group,high,salary,ACC010,Vision-oriented web-enabled structure,False
PAY00385,2026-05-28,28702.55,USD,Fletcher-Kim,high,tax_payment,ACC001,Streamlined web-enabled success,False
PAY00225,2026-05-28,6633.77,GBP,Meyer Ltd,normal,merchant_payout,ACC012,Cross-group 3rdgeneration Graphical User Interface,True
PAY00426,2026-05-28,238413.47,GBP,Robertson PLC,critical,partner_settlement,ACC013,Monitored national strategy,False
PAY00339,2026-05-28,98127.63,GBP,White Group,high,tax_payment,ACC006,Managed modular framework,False
PAY00409,2026-05-28,36711.57,GBP,Martinez-Miller,normal,partner_settlement,ACC014,Enhanced zero-defect concept,True
PAY00249,2026-05-28,78816.07,EUR,Peterson PLC,critical,cashback,ACC002,Open-source logistical installation,False
PAY00112,2026-05-28,69243.13,GBP,Harmon-Thomas,high,cashback,ACC009,Switchable context-sensitive capability,False
PAY00101,2026-05-28,404094.28,GBP,Russell-Dyer,critical,merchant_payout,ACC007,Re-engineered tertiary matrix,False
PAY00056,2026-05-28,27438.95,GBP,"King, Smith and Carroll",normal,salary,ACC002,Synergized responsive moderator,True
PAY00068,2026-05-28,55847.22,KZT,Velazquez-Miller,high,bill_payment,ACC018,Proactive mission-critical neural-net,False
PAY00444,2026-05-29,111512.75,USD,Andrews Ltd,critical,cashback,ACC001,Cloned regional strategy,False
PAY00468,2026-05-29,211582.61,USD,Rivers-Rodriguez,critical,partner_settlement,ACC003,Profit-focused web-enabled circuit,False
PAY00352,2026-05-29,13632.05,GBP,Collier-Jones,normal,partner_settlement,ACC002,Integrated didactic ability,True
PAY00085,2026-05-29,208276.35,GBP,"Osborne, Maldonado and Gutierrez",critical,cashback,ACC005,Networked web-enabled model,False
PAY00192,2026-05-29,18144.68,EUR,"Poole, Potter and Thomas",normal,partner_settlement,ACC011,Front-line stable moratorium,True
PAY00319,2026-05-29,17545.11,EUR,Haas PLC,high,bill_payment,ACC012,Pre-emptive scalable ability,False
PAY00278,2026-05-29,33146.15,KZT,"Bell, Caldwell and Parker",normal,tax_payment,ACC014,Vision-oriented exuding interface,True
PAY00006,2026-05-29,10739.54,GBP,Bridges LLC,normal,bill_payment,ACC005,Multi-channeled scalable knowledgebase,True
PAY00308,2026-05-29,116970.91,EUR,"Carney, Jenkins and Hernandez",critical,partner_settlement,ACC017,Fundamental secondary product,False
PAY00243,2026-05-29,94613.45,USD,Mejia Ltd,high,merchant_payout,ACC020,Object-based dynamic archive,False
PAY00397,2026-05-29,238931.44,EUR,Moore-Poole,critical,salary,ACC008,Polarized well-modulated instruction set,False
PAY00293,2026-05-29,330591.67,KZT,Robbins and Sons,critical,salary,ACC014,Exclusive regional alliance,False
PAY00222,2026-05-29,24104.49,KZT,Ross PLC,normal,merchant_payout,ACC012,Persistent actuating conglomeration,True
PAY00473,2026-05-29,10396.92,KZT,Hutchinson PLC,normal,bill_payment,ACC014,Exclusive global Graphical User Interface,True
PAY00047,2026-05-29,17985.41,USD,Dillon and Sons,normal,merchant_payout,ACC012,Devolved multi-state help-desk,True
PAY00013,2026-05-30,12396.99,KZT,Parker-Mcbride,high,cashback,ACC002,Total secondary hub,False
PAY00165,2026-05-30,7917.96,USD,Thomas Inc,normal,salary,ACC007,Multi-lateral multi-tasking access,True
PAY00316,2026-05-30,38668.46,EUR,"Chavez, Jacobs and Rivera",normal,tax_payment,ACC014,Future-proofed high-level extranet,True
PAY00114,2026-05-30,61992.84,KZT,"Carey, Wagner and Burke",critical,tax_payment,ACC005,Intuitive bandwidth-monitored interface,False
PAY00206,2026-05-30,42731.7,KZT,Cross-Robinson,normal,merchant_payout,ACC007,User-centric demand-driven support,True
PAY00417,2026-05-30,47577.96,EUR,"Conner, Brown and Robertson",high,tax_payment,ACC016,Triple-buffered bifurcated policy,False
PAY00202,2026-05-30,48297.47,EUR,Hurley-Petersen,normal,merchant_payout,ACC002,Extended mission-critical definition,True
PAY00484,2026-05-30,48023.43,USD,Campos Ltd,high,bill_payment,ACC016,Vision-oriented interactive productivity,False
PAY00270,2026-05-30,17060.39,USD,"Ryan, Contreras and Cox",low,tax_payment,ACC012,Fundamental systemic hardware,True
PAY00036,2026-05-30,38890.08,KZT,"Larson, Sanchez and Robinson",normal,merchant_payout,ACC001,Assimilated context-sensitive benchmark,True
PAY00382,2026-05-30,270688.37,KZT,Ramos Ltd,critical,salary,ACC011,Face-to-face leadingedge solution,False
PAY00065,2026-05-30,40308.86,EUR,"Davis, Martin and Sanchez",high,merchant_payout,ACC008,Configurable zero tolerance policy,False
PAY00275,2026-05-30,85417.3,USD,"Adams, Flynn and Harding",high,bill_payment,ACC003,Devolved needs-based model,False
PAY00083,2026-05-30,290803.45,GBP,"Arellano, Vasquez and Watts",critical,tax_payment,ACC004,Programmable object-oriented access,False
PAY00023,2026-05-30,263593.29,USD,Harrison and Sons,critical,merchant_payout,ACC002,Adaptive fault-tolerant installation,False
PAY00024,2026-05-30,42777.43,GBP,Weiss and Sons,normal,merchant_payout,ACC003,Front-line composite matrix,True
PAY00287,2026-05-30,271472.15,GBP,Dunlap-Smith,critical,bill_payment,ACC001,Centralized solution-oriented moderator,False
PAY00054,2026-05-31,28875.51,KZT,Price PLC,high,merchant_payout,ACC009,Decentralized 3rdgeneration attitude,False
PAY00315,2026-05-31,18766.3,EUR,Wilson-Pope,normal,salary,ACC003,Expanded web-enabled policy,True
PAY00462,2026-05-31,27809.3,EUR,Hill-Matthews,normal,merchant_payout,ACC015,Enterprise-wide logistical knowledge user,True
PAY00144,2026-05-31,17436.38,USD,Wood-Thornton,low,salary,ACC008,Optimized encompassing Local Area Network,True
PAY00208,2026-05-31,358759.56,EUR,Farrell PLC,critical,tax_payment,ACC010,Right-sized methodical attitude,False
PAY00332,2026-05-31,257677.25,EUR,Hays-Kemp,critical,partner_settlement,ACC007,Ameliorated zero tolerance function,False
PAY00254,2026-05-31,48778.6,GBP,"Brown, Powell and Smith",low,bill_payment,ACC020,Networked homogeneous circuit,True
PAY00181,2026-05-31,19582.9,EUR,Flores Ltd,high,salary,ACC007,Devolved 24/7 alliance,False
PAY00175,2026-05-31,9392.48,USD,"Deleon, Richard and Wilson",normal,cashback,ACC009,Sharable system-worthy collaboration,True
PAY00380,2026-05-31,21600.49,GBP,"Hanson, House and Howard",high,cashback,ACC005,Polarized next generation frame,False
PAY00312,2026-05-31,17517.6,USD,White PLC,normal,merchant_payout,ACC009,Multi-lateral 24hour knowledgebase,True
PAY00195,2026-05-31,41589.36,USD,Matthews PLC,normal,partner_settlement,ACC004,Function-based responsive framework,True
PAY00007,2026-05-31,19883.49,GBP,Knapp PLC,high,tax_payment,ACC004,Synergized contextually-based workforce,False
PAY00483,2026-05-31,54951.38,GBP,Cross-Hebert,high,partner_settlement,ACC011,Up-sized multi-state benchmark,False
PAY00236,2026-05-31,23292.01,USD,Bailey PLC,high,tax_payment,ACC007,Fully-configurable radical success,False
PAY00088,2026-05-31,24247.88,USD,Thomas-Jackson,low,bill_payment,ACC009,Configurable content-based knowledgebase,True
PAY00115,2026-05-31,24048.62,EUR,Williams PLC,normal,salary,ACC015,Ameliorated needs-based portal,True
PAY00438,2026-06-01,32167.69,GBP,Potts-Stevenson,normal,merchant_payout,ACC013,Polarized 3rdgeneration forecast,True
PAY00118,2026-06-01,380319.88,KZT,Richardson LLC,critical,salary,ACC009,Configurable clear-thinking service-desk,False
PAY00119,2026-06-01,272282.05,GBP,Ellis and Sons,critical,tax_payment,ACC005,Reduced upward-trending capability,False
PAY00286,2026-06-01,40123.06,KZT,"Townsend, King and Morrison",normal,bill_payment,ACC013,Persevering human-resource orchestration,True
PAY00413,2026-06-01,32560.97,KZT,Delacruz Inc,normal,partner_settlement,ACC008,Innovative dynamic secured line,True
PAY00179,2026-06-01,7190.21,USD,"Williams, Castro and Arnold",low,tax_payment,ACC006,Customer-focused didactic throughput,True
PAY00290,2026-06-01,255595.53,EUR,"Daniels, Carter and Brandt",critical,tax_payment,ACC009,Customizable 24hour workforce,False
PAY00067,2026-06-01,47365.78,EUR,"Harrison, Graham and Brewer",high,partner_settlement,ACC001,Open-source systematic budgetary management,False
PAY00180,2026-06-01,21486.88,GBP,Ward LLC,low,salary,ACC020,Assimilated upward-trending complexity,True
PAY00182,2026-06-01,52261.43,EUR,"Brown, Potter and Stephens",high,salary,ACC013,Networked multimedia approach,False
PAY00344,2026-06-01,19610.4,USD,"Payne, Lopez and Torres",low,partner_settlement,ACC010,Reduced dynamic encryption,True
PAY00391,2026-06-01,41563.8,KZT,Warner-Wright,normal,salary,ACC020,Virtual fresh-thinking core,True
PAY00197,2026-06-02,63052.57,EUR,Garza-Santiago,high,cashback,ACC015,De-engineered intangible parallelism,False
PAY00266,2026-06-02,30748.09,USD,"Jackson, Hamilton and Harrison",normal,bill_payment,ACC008,Polarized zero tolerance Graphical User Interface,True
PAY00427,2026-06-02,77815.86,USD,"Smith, Nicholson and Brown",critical,merchant_payout,ACC005,Inverse needs-based paradigm,False
PAY00303,2026-06-02,25817.97,KZT,"Perez, Hamilton and Stephens",normal,partner_settlement,ACC009,Total next generation system engine,True
PAY00355,2026-06-02,133065.88,EUR,"Powers, Johnson and Hammond",critical,merchant_payout,ACC004,Future-proofed neutral adapter,False
PAY00012,2026-06-02,8299.6,GBP,Lucas-Casey,normal,cashback,ACC001,Virtual next generation open architecture,True
PAY00084,2026-06-02,41791.01,USD,Gilmore-Gardner,normal,cashback,ACC001,Centralized systemic software,True
PAY00081,2026-06-02,68986.52,GBP,Jacobs-Rogers,high,tax_payment,ACC011,Proactive bandwidth-monitored workforce,False
PAY00164,2026-06-02,7506.55,USD,"Cohen, Castillo and Davis",normal,tax_payment,ACC007,Digitized high-level challenge,True
PAY00472,2026-06-02,12473.23,GBP,Graves-Gomez,high,cashback,ACC013,Streamlined leadingedge moderator,False
PAY00110,2026-06-02,35006.48,USD,Pratt Inc,normal,cashback,ACC016,Decentralized transitional matrices,True
PAY00154,2026-06-02,437643.67,GBP,"Walter, Arnold and Kelly",critical,cashback,ACC006,De-engineered non-volatile data-warehouse,False
PAY00470,2026-06-02,95279.74,GBP,Richard-Harris,high,bill_payment,ACC018,Business-focused composite process improvement,False
PAY00424,2026-06-02,438489.85,EUR,"Rogers, Brown and Phelps",critical,cashback,ACC006,Open-source holistic monitoring,False
PAY00080,2026-06-02,190362.76,USD,Evans-Mcguire,critical,partner_settlement,ACC011,Multi-channeled grid-enabled hardware,False
PAY00041,2026-06-02,24803.87,USD,Lee-Garcia,low,merchant_payout,ACC018,Innovative radical service-desk,True
PAY00014,2026-06-02,477394.34,KZT,Mueller Inc,critical,tax_payment,ACC014,Networked 6thgeneration flexibility,False
PAY00451,2026-06-02,41322.32,KZT,Case-Wright,normal,partner_settlement,ACC009,Front-line systemic encryption,True
PAY00406,2026-06-02,39103.48,EUR,Gomez-Mitchell,normal,merchant_payout,ACC016,Enhanced even-keeled access,True
PAY00357,2026-06-02,145328.71,KZT,Willis Inc,critical,bill_payment,ACC020,Self-enabling secondary knowledge user,False
PAY00042,2026-06-03,49884.53,KZT,Giles Inc,normal,bill_payment,ACC003,Future-proofed content-based model,True
PAY00297,2026-06-03,15976.65,USD,Alvarado Inc,high,merchant_payout,ACC020,Team-oriented asymmetric focus group,False
PAY00124,2026-06-03,454058.45,GBP,Kennedy LLC,critical,bill_payment,ACC020,Switchable 24/7 standardization,False
PAY00489,2026-06-03,77215.93,USD,Armstrong Group,high,bill_payment,ACC007,Organic empowering paradigm,False
PAY00123,2026-06-03,11954.0,USD,"Banks, Collins and Hunter",low,bill_payment,ACC009,Devolved radical focus group,True
PAY00133,2026-06-03,414519.16,KZT,Coleman Group,critical,salary,ACC003,Exclusive bi-directional ability,False
PAY00481,2026-06-03,58563.35,GBP,Davis-Saunders,high,tax_payment,ACC004,Balanced 3rdgeneration budgetary management,False
PAY00433,2026-06-03,95024.09,EUR,"Wheeler, Oliver and Newton",high,salary,ACC015,Expanded clear-thinking installation,False
PAY00167,2026-06-03,80750.31,KZT,Wilson-Mack,high,cashback,ACC006,Compatible analyzing info-mediaries,False
PAY00289,2026-06-03,13003.88,KZT,Palmer and Sons,normal,salary,ACC006,Cross-group actuating collaboration,True
PAY00404,2026-06-03,49436.62,USD,Tyler Group,low,bill_payment,ACC020,Right-sized web-enabled customer loyalty,True
PAY00261,2026-06-03,29395.96,GBP,"Nixon, Baker and Olson",high,salary,ACC015,Cloned grid-enabled approach,False
PAY00259,2026-06-03,44357.99,USD,Smith Ltd,normal,partner_settlement,ACC013,Persevering reciprocal monitoring,True
PAY00227,2026-06-03,338812.17,GBP,Rodgers-Nguyen,critical,merchant_payout,ACC012,Function-based zero administration synergy,False
PAY00170,2026-06-03,53190.91,GBP,Coleman PLC,high,partner_settlement,ACC013,De-engineered asynchronous intranet,False
PAY00443,2026-06-03,46475.82,GBP,Howard Group,high,merchant_payout,ACC003,Quality-focused neutral capacity,False
PAY00393,2026-06-03,12658.65,EUR,King Ltd,normal,cashback,ACC018,Front-line stable neural-net,True
PAY00498,2026-06-03,62704.86,USD,Walter-Boyd,high,cashback,ACC007,Virtual non-volatile contingency,False
PAY00299,2026-06-04,48348.0,EUR,Moore PLC,normal,partner_settlement,ACC002,Assimilated directional Graphical User Interface,True
PAY00062,2026-06-04,33567.88,GBP,"Nguyen, Thompson and Mckinney",normal,partner_settlement,ACC007,Customizable optimal forecast,True
PAY00414,2026-06-04,40594.34,KZT,Ford-Welch,normal,tax_payment,ACC014,Fully-configurable holistic matrices,True
PAY00348,2026-06-04,4999.22,KZT,"Johnson, Martin and Rasmussen",normal,merchant_payout,ACC009,Right-sized national success,True
PAY00368,2026-06-04,2447.0,GBP,Hood Group,normal,partner_settlement,ACC017,Advanced foreground open system,True
PAY00418,2026-06-04,38353.63,KZT,White-Henry,high,cashback,ACC019,Business-focused well-modulated forecast,False
PAY00356,2026-06-04,388365.06,USD,"Brown, Jones and Williams",critical,partner_settlement,ACC014,Up-sized zero administration focus group,False
PAY00109,2026-06-04,460849.03,EUR,Baker-Diaz,critical,cashback,ACC014,Centralized user-facing service-desk,False
PAY00058,2026-06-04,50349.99,GBP,Davila and Sons,high,merchant_payout,ACC018,Streamlined mobile protocol,False
PAY00276,2026-06-04,3532.82,KZT,Moore PLC,normal,tax_payment,ACC012,Right-sized reciprocal budgetary management,True
PAY00199,2026-06-04,296981.68,GBP,"Hanson, Rivera and Townsend",critical,tax_payment,ACC001,Integrated solution-oriented throughput,False
PAY00258,2026-06-04,38933.18,EUR,Taylor and Sons,normal,merchant_payout,ACC006,Multi-channeled leadingedge array,True
PAY00244,2026-06-04,22011.61,EUR,"Peters, Potts and Cardenas",normal,bill_payment,ACC019,User-friendly contextually-based instruction set,True
PAY00449,2026-06-04,91015.03,EUR,"Chaney, Baker and Forbes",high,cashback,ACC012,Ergonomic leadingedge productivity,False
PAY00454,2026-06-04,22339.31,KZT,Rollins-Jones,normal,cashback,ACC004,Virtual contextually-based migration,True
PAY00488,2026-06-04,70051.3,KZT,Mcdonald-Aguilar,high,bill_payment,ACC001,Expanded methodical protocol,False
PAY00475,2026-06-04,1183.58,EUR,Wilkinson and Sons,normal,merchant_payout,ACC014,Future-proofed tertiary complexity,True
PAY00476,2026-06-04,7302.83,GBP,Lane-Price,low,cashback,ACC019,Seamless dynamic leverage,True
PAY00279,2026-06-04,214893.75,USD,"Cameron, Mcdonald and Hall",critical,merchant_payout,ACC010,Sharable interactive Internet solution,False
PAY00229,2026-06-04,87836.72,KZT,Harmon-Lawrence,high,merchant_payout,ACC002,Digitized regional Local Area Network,False
PAY00423,2026-06-04,29813.51,GBP,"Davidson, Perry and Romero",normal,salary,ACC016,Digitized optimal projection,True
PAY00018,2026-06-05,19769.79,KZT,"Moore, Jackson and Waller",normal,tax_payment,ACC015,Object-based exuding data-warehouse,True
PAY00447,2026-06-05,37333.76,USD,Williams Inc,high,tax_payment,ACC018,Robust tangible structure,False
PAY00147,2026-06-05,85259.34,USD,"Torres, Andrews and Parker",high,merchant_payout,ACC012,Re-contextualized global productivity,False
PAY00457,2026-06-05,99444.44,KZT,Hill PLC,high,tax_payment,ACC012,Open-architected dedicated groupware,False
PAY00052,2026-06-05,49011.26,GBP,Lee-Raymond,normal,salary,ACC008,Expanded reciprocal budgetary management,True
PAY00317,2026-06-05,15425.34,EUR,Doyle Group,normal,partner_settlement,ACC009,Optimized regional parallelism,True
PAY00464,2026-06-05,93842.05,KZT,Jones-Beasley,high,partner_settlement,ACC013,Enhanced national throughput,False
PAY00313,2026-06-05,2995.73,GBP,Walker-George,normal,tax_payment,ACC017,Stand-alone disintermediate capability,True
PAY00446,2026-06-05,150409.11,EUR,Taylor Ltd,critical,tax_payment,ACC018,Programmable directional utilization,False
PAY00178,2026-06-05,48120.29,USD,Nelson-Schultz,normal,cashback,ACC013,Persevering 24/7 functionalities,True
PAY00367,2026-06-05,55100.76,EUR,"Sandoval, Mitchell and Williams",high,cashback,ACC012,Robust web-enabled architecture,False
PAY00257,2026-06-05,27912.15,GBP,Lutz LLC,low,partner_settlement,ACC014,Extended zero tolerance system engine,True
PAY00280,2026-06-05,25778.01,EUR,Anderson-Banks,high,bill_payment,ACC003,Cloned clear-thinking challenge,False
PAY00260,2026-06-05,49231.79,GBP,"Jones, Cain and Bennett",normal,merchant_payout,ACC012,Adaptive asynchronous encryption,True
PAY00160,2026-06-05,6092.41,KZT,Larson Ltd,normal,partner_settlement,ACC004,Cloned methodical methodology,True
PAY00376,2026-06-05,43624.97,KZT,Guzman Group,normal,cashback,ACC007,Managed transitional orchestration,True
PAY00070,2026-06-05,43635.13,EUR,Cohen Ltd,low,bill_payment,ACC009,Operative responsive orchestration,True
PAY00218,2026-06-05,64308.94,USD,Ward Group,high,bill_payment,ACC016,Synergistic system-worthy parallelism,False
PAY00495,2026-06-05,112993.95,GBP,Dudley-Buck,critical,salary,ACC006,Cross-platform stable archive,False
PAY00398,2026-06-06,43614.26,GBP,"Contreras, Novak and Davis",high,partner_settlement,ACC009,Progressive responsive initiative,False
PAY00231,2026-06-06,34556.74,KZT,Anderson and Sons,low,cashback,ACC008,Triple-buffered bandwidth-monitored capability,True
PAY00099,2026-06-06,41547.04,USD,Williams-Obrien,low,cashback,ACC012,Multi-channeled responsive hardware,True
PAY00176,2026-06-06,22042.94,GBP,"Wright, Smith and Sawyer",low,bill_payment,ACC018,Persistent exuding moderator,True
PAY00402,2026-06-06,35586.98,KZT,Gonzalez Inc,low,merchant_payout,ACC002,Future-proofed encompassing installation,True
PAY00149,2026-06-06,20232.27,EUR,Robbins LLC,low,tax_payment,ACC018,Object-based needs-based Graphical User Interface,True
PAY00253,2026-06-06,132239.06,GBP,Moses-Wong,critical,partner_settlement,ACC002,Public-key discrete open system,False
PAY00263,2026-06-06,52858.75,EUR,Lucas-Young,high,cashback,ACC018,Digitized dynamic emulation,False
PAY00486,2026-06-06,93042.91,KZT,Brown Group,high,bill_payment,ACC005,Down-sized composite ability,False
PAY00187,2026-06-06,18617.14,EUR,Neal PLC,low,cashback,ACC020,Upgradable regional project,True
PAY00490,2026-06-06,255959.48,GBP,"Olson, Baker and Hodges",critical,merchant_payout,ACC007,Secured modular Internet solution,False
PAY00107,2026-06-06,35505.65,GBP,Roberts PLC,low,partner_settlement,ACC003,Pre-emptive dedicated support,True
PAY00111,2026-06-06,194778.05,GBP,Sims Inc,critical,bill_payment,ACC012,Focused didactic product,False
PAY00459,2026-06-06,41774.28,EUR,"Woods, Tucker and Lawrence",low,tax_payment,ACC014,Multi-channeled 4thgeneration support,True
PAY00158,2026-06-06,429174.55,KZT,"Silva, Williamson and Wade",critical,tax_payment,ACC002,Cross-platform empowering system engine,False
PAY00034,2026-06-06,35352.68,GBP,Castro-Rasmussen,normal,cashback,ACC003,Open-source modular pricing structure,True
PAY00072,2026-06-07,42963.67,USD,Cross LLC,low,partner_settlement,ACC014,Switchable web-enabled support,True
PAY00467,2026-06-07,34526.73,KZT,Cook-Martinez,normal,bill_payment,ACC009,Exclusive local groupware,True
PAY00057,2026-06-07,48861.92,EUR,"Burnett, Walsh and Briggs",normal,cashback,ACC003,Function-based secondary function,True
PAY00400,2026-06-07,56592.0,EUR,Smith-Steele,high,bill_payment,ACC014,Public-key needs-based encoding,False
PAY00100,2026-06-07,302114.29,EUR,Case LLC,critical,tax_payment,ACC018,Reverse-engineered bandwidth-monitored challenge,False
PAY00291,2026-06-07,462418.6,EUR,"Mitchell, Sanchez and Gaines",critical,tax_payment,ACC013,Multi-channeled incremental interface,False
PAY00028,2026-06-07,58299.61,GBP,Harris Inc,high,partner_settlement,ACC020,Multi-lateral global website,False
PAY00255,2026-06-07,16582.17,KZT,Strong PLC,normal,cashback,ACC006,Extended coherent portal,True
PAY00440,2026-06-07,34045.89,USD,"Garcia, Monroe and Patterson",normal,cashback,ACC011,Secured reciprocal success,True
PAY00304,2026-06-07,76986.17,KZT,"Vang, Stewart and Eaton",high,merchant_payout,ACC006,Phased didactic leverage,False
PAY00497,2026-06-07,57935.38,USD,"Oneal, May and Newton",high,tax_payment,ACC010,Re-contextualized directional focus group,False
PAY00434,2026-06-07,964.86,USD,Baird-Horn,normal,tax_payment,ACC009,Versatile heuristic Internet solution,True
PAY00039,2026-06-07,33904.08,EUR,"Nguyen, Estes and Mack",normal,salary,ACC018,Compatible actuating solution,True
PAY00097,2026-06-07,45818.51,GBP,Olson PLC,normal,partner_settlement,ACC011,Robust didactic Graphic Interface,True
PAY00171,2026-06-08,61336.7,USD,Gonzalez-Johnson,high,bill_payment,ACC003,Progressive systemic data-warehouse,False
PAY00363,2026-06-08,36706.24,KZT,Walker-Riddle,normal,merchant_payout,ACC005,Integrated coherent strategy,True
PAY00364,2026-06-08,193324.16,EUR,Ortega-Cruz,critical,salary,ACC019,Monitored actuating orchestration,False
PAY00075,2026-06-08,41601.73,GBP,Sosa Inc,high,tax_payment,ACC015,User-centric tangible Local Area Network,False
PAY00455,2026-06-08,17926.54,KZT,Fuentes-Jones,normal,tax_payment,ACC001,Polarized client-driven synergy,True
PAY00375,2026-06-08,53953.94,EUR,"Washington, Lynch and Scott",critical,bill_payment,ACC006,Right-sized systemic Internet solution,False
PAY00207,2026-06-08,30866.36,USD,Sanchez-Nicholson,normal,tax_payment,ACC010,Multi-channeled stable middleware,True
PAY00390,2026-06-08,36356.66,KZT,Murillo-Johnson,low,cashback,ACC005,Customizable asymmetric synergy,True
PAY00061,2026-06-08,42040.18,KZT,Wall LLC,normal,bill_payment,ACC016,Synergized heuristic solution,True
PAY00328,2026-06-08,18116.12,EUR,"Parker, Barrett and Owen",high,partner_settlement,ACC004,Public-key neutral monitoring,False
PAY00325,2026-06-08,24291.91,USD,"Powers, Henry and Mckinney",high,cashback,ACC007,Adaptive 6thgeneration service-desk,False
PAY00250,2026-06-08,23331.21,KZT,Collins-Bowman,low,merchant_payout,ACC005,Quality-focused motivating artificial intelligence,True
PAY00442,2026-06-08,155.96,USD,Patel LLC,normal,cashback,ACC019,Balanced didactic architecture,True
PAY00265,2026-06-08,99067.18,EUR,Diaz Group,high,tax_payment,ACC005,Compatible uniform hierarchy,False
PAY00436,2026-06-08,13346.87,EUR,"Esparza, Hawkins and Cook",low,bill_payment,ACC018,Open-architected intermediate circuit,True
PAY00419,2026-06-08,55835.41,USD,Evans Inc,high,salary,ACC005,Persevering modular neural-net,False
PAY00071,2026-06-09,35860.09,KZT,"Carpenter, Martin and Ramos",normal,bill_payment,ACC016,Total client-driven intranet,True
PAY00064,2026-06-09,41504.77,GBP,"Jones, Koch and Johnson",normal,salary,ACC012,Advanced human-resource emulation,True
PAY00055,2026-06-09,2625.63,KZT,"Hoffman, Evans and Lee",normal,cashback,ACC004,Fundamental eco-centric application,True
PAY00377,2026-06-09,489064.36,GBP,Vasquez-Ali,critical,salary,ACC001,Stand-alone 4thgeneration matrices,False
PAY00482,2026-06-09,24802.13,KZT,Luna and Sons,normal,bill_payment,ACC015,Total systemic analyzer,True
PAY00420,2026-06-09,461177.24,KZT,Morales-Cunningham,critical,cashback,ACC019,Intuitive well-modulated matrix,False
PAY00098,2026-06-09,98101.32,EUR,Rojas LLC,high,salary,ACC007,Object-based intermediate budgetary management,False
PAY00093,2026-06-09,37983.04,EUR,Dennis and Sons,high,partner_settlement,ACC002,Reverse-engineered methodical knowledge user,False
PAY00300,2026-06-09,69120.38,USD,Wagner-Lopez,high,salary,ACC005,Polarized interactive productivity,False
PAY00096,2026-06-09,493319.43,GBP,Jackson Ltd,critical,cashback,ACC017,Enterprise-wide full-range methodology,False
PAY00346,2026-06-09,29701.22,EUR,Johnson-Dean,normal,merchant_payout,ACC010,Phased cohesive help-desk,True
PAY00156,2026-06-09,28715.43,GBP,Simmons LLC,low,tax_payment,ACC005,Switchable maximized parallelism,True
PAY00186,2026-06-09,73913.47,KZT,Reed-Garcia,high,tax_payment,ACC006,Persevering human-resource ability,False
PAY00322,2026-06-09,28692.62,EUR,Donovan PLC,low,partner_settlement,ACC015,Monitored needs-based challenge,True
PAY00338,2026-06-09,44960.71,USD,"Green, Evans and Gutierrez",normal,partner_settlement,ACC015,Seamless motivating infrastructure,True
PAY00336,2026-06-09,34371.36,KZT,Rodriguez-Graves,normal,bill_payment,ACC003,Switchable transitional application,True
PAY00217,2026-06-09,48792.13,USD,Norris-Buck,high,partner_settlement,ACC018,Centralized hybrid model,False
PAY00248,2026-06-09,37708.31,EUR,"Villarreal, Wu and Patel",high,partner_settlement,ACC019,Synergized human-resource monitoring,False
PAY00193,2026-06-09,136465.1,GBP,"Simpson, Taylor and Mahoney",critical,tax_payment,ACC020,Diverse 3rdgeneration support,False
PAY00221,2026-06-09,39795.88,KZT,Miller Ltd,high,cashback,ACC019,Profit-focused cohesive benchmark,False
PAY00134,2026-06-09,67866.38,KZT,"Parrish, Kim and Mcdonald",high,partner_settlement,ACC019,Automated disintermediate data-warehouse,False
PAY00499,2026-06-10,9623.68,KZT,Cabrera-Gomez,low,merchant_payout,ACC007,Synergized hybrid knowledge user,True
PAY00009,2026-06-10,37590.59,KZT,Ali-Franco,normal,bill_payment,ACC009,Monitored local database,True
PAY00106,2026-06-10,88746.0,EUR,Pugh Inc,high,salary,ACC001,Configurable interactive moratorium,False
PAY00294,2026-06-10,7354.12,GBP,"Estrada, Johnson and Jefferson",normal,bill_payment,ACC012,Face-to-face dynamic solution,True
PAY00196,2026-06-10,3276.92,KZT,Trujillo Inc,normal,merchant_payout,ACC015,Cloned attitude-oriented matrices,True
PAY00103,2026-06-10,47381.71,USD,"Erickson, Horton and Porter",normal,partner_settlement,ACC012,Diverse empowering framework,True
PAY00203,2026-06-10,51696.13,EUR,"Gay, Williams and Green",high,partner_settlement,ACC017,Cross-group regional project,False
PAY00439,2026-06-10,1408.02,EUR,Kim-Garcia,normal,salary,ACC018,Horizontal executive Internet solution,True
PAY00262,2026-06-10,6237.58,EUR,Navarro and Sons,low,salary,ACC003,Face-to-face system-worthy secured line,True
PAY00372,2026-06-10,372627.46,EUR,"Bell, Thompson and Hughes",critical,salary,ACC020,Switchable hybrid analyzer,False
PAY00369,2026-06-10,42999.26,USD,"Logan, Hansen and Norris",normal,cashback,ACC016,Switchable full-range matrix,True
PAY00004,2026-06-10,18151.14,KZT,Jones-Blevins,normal,tax_payment,ACC008,Future-proofed even-keeled website,True
PAY00224,2026-06-10,337902.01,GBP,Hall Ltd,critical,partner_settlement,ACC017,Adaptive background circuit,False
PAY00019,2026-06-10,24767.15,EUR,Tucker-Mathis,low,cashback,ACC019,Synergized asynchronous customer loyalty,True
PAY00241,2026-06-10,30343.4,EUR,Stevenson Group,low,merchant_payout,ACC005,Polarized zero-defect service-desk,True
PAY00456,2026-06-10,60462.43,USD,Bautista PLC,high,partner_settlement,ACC008,Re-engineered well-modulated strategy,False
PAY00226,2026-06-10,370402.34,GBP,"Garza, Hill and Thompson",critical,salary,ACC010,Managed empowering projection,False
PAY00148,2026-06-11,44805.07,GBP,Baker Group,high,tax_payment,ACC008,Business-focused user-facing budgetary management,False
PAY00128,2026-06-11,442760.31,KZT,"Hines, Schwartz and Mccoy",critical,bill_payment,ACC016,Self-enabling needs-based leverage,False
PAY00145,2026-06-11,45395.06,EUR,Ramirez-Tanner,high,cashback,ACC016,Sharable bifurcated utilization,False
PAY00130,2026-06-11,44834.21,USD,"Wright, Chavez and Mason",normal,bill_payment,ACC010,De-engineered eco-centric productivity,True
PAY00166,2026-06-11,48334.0,USD,"Long, Klein and Henderson",low,salary,ACC013,Diverse interactive structure,True
PAY00030,2026-06-11,33766.35,GBP,"Cochran, Anderson and Ortiz",normal,salary,ACC011,Object-based systemic workforce,True
PAY00432,2026-06-11,132099.74,EUR,"Chapman, Smith and Fields",critical,merchant_payout,ACC015,Optional next generation intranet,False
PAY00214,2026-06-11,40905.13,USD,Holmes-Jackson,normal,cashback,ACC017,Fundamental actuating function,True
PAY00129,2026-06-11,24692.79,USD,"Price, Meza and Harper",normal,salary,ACC007,Object-based discrete migration,True
PAY00267,2026-06-11,65739.38,KZT,Solis-Robertson,high,tax_payment,ACC018,Adaptive encompassing time-frame,False
PAY00204,2026-06-11,11147.6,USD,"Carson, Jarvis and Higgins",normal,cashback,ACC008,Exclusive bi-directional emulation,True
PAY00235,2026-06-11,328406.56,GBP,"Lopez, Miller and Graves",critical,partner_settlement,ACC004,Re-engineered intangible emulation,False
PAY00190,2026-06-11,167034.97,USD,Reed Inc,critical,cashback,ACC011,Enterprise-wide transitional artificial intelligence,False
PAY00351,2026-06-11,34338.42,USD,"King, Powers and Robinson",normal,tax_payment,ACC015,Persevering multimedia open system,True
PAY00337,2026-06-11,25640.6,USD,Ramirez-Wong,low,cashback,ACC020,Fully-configurable user-facing focus group,True
PAY00326,2026-06-11,17827.5,EUR,Case-Jones,normal,bill_payment,ACC011,Multi-lateral solution-oriented orchestration,True
PAY00353,2026-06-11,43021.31,KZT,Collier-Johnson,normal,merchant_payout,ACC014,Team-oriented fault-tolerant archive,True
PAY00173,2026-06-12,33213.57,GBP,Smith-Smith,low,merchant_payout,ACC009,Grass-roots secondary open architecture,True
PAY00247,2026-06-12,25847.75,KZT,Campbell-Moore,normal,partner_settlement,ACC004,Profit-focused actuating flexibility,True
PAY00342,2026-06-12,19854.48,EUR,"Hubbard, Phillips and Campos",high,salary,ACC009,Ergonomic explicit initiative,False
PAY00331,2026-06-12,371404.27,KZT,"Nunez, Quinn and Martinez",critical,bill_payment,ACC003,Networked real-time application,False
PAY00086,2026-06-12,437046.88,KZT,Wallace and Sons,critical,tax_payment,ACC016,Face-to-face context-sensitive open architecture,False
PAY00211,2026-06-12,71424.33,KZT,Jones and Sons,high,partner_settlement,ACC009,Virtual stable frame,False
PAY00082,2026-06-12,369568.31,EUR,Wells Ltd,critical,tax_payment,ACC016,Managed encompassing infrastructure,False
PAY00425,2026-06-12,56328.33,EUR,Garrett-Durham,high,salary,ACC014,Integrated content-based extranet,False
PAY00324,2026-06-12,10166.15,EUR,Gilbert Inc,normal,salary,ACC008,Reactive background instruction set,True
PAY00104,2026-06-12,5902.39,EUR,Park-Lee,normal,partner_settlement,ACC014,Object-based intangible contingency,True
PAY00205,2026-06-12,10115.77,GBP,Rodriguez-Lawson,low,partner_settlement,ACC008,Customizable optimizing ability,True
PAY00121,2026-06-12,36700.61,KZT,Green-Herrera,normal,bill_payment,ACC019,Future-proofed global access,True
PAY00008,2026-06-12,35039.88,USD,"Perry, Johnson and Pollard",high,tax_payment,ACC014,Polarized high-level solution,False
PAY00117,2026-06-12,71425.93,EUR,"Clark, Wang and Lewis",high,merchant_payout,ACC005,Devolved homogeneous firmware,False
PAY00361,2026-06-12,23305.95,KZT,Hunter Ltd,high,merchant_payout,ACC011,Configurable multimedia hardware,False
PAY00493,2026-06-12,38459.68,EUR,Paul Inc,high,merchant_payout,ACC009,Devolved system-worthy service-desk,False
PAY00223,2026-06-13,33942.86,EUR,Meyers Ltd,high,cashback,ACC016,Multi-channeled scalable circuit,False
PAY00185,2026-06-13,33425.23,USD,Conway Inc,high,merchant_payout,ACC016,Optimized context-sensitive instruction set,False
PAY00384,2026-06-13,61535.53,KZT,Taylor-Holland,high,tax_payment,ACC010,Automated bottom-line open system,False
PAY00246,2026-06-13,55647.08,GBP,Herrera-Murray,high,merchant_payout,ACC010,Open-source background synergy,False
PAY00001,2026-06-13,31695.31,KZT,"Stewart, Mitchell and Clark",normal,merchant_payout,ACC016,De-engineered tertiary benchmark,True
PAY00310,2026-06-13,12414.33,USD,Gamble Ltd,normal,tax_payment,ACC010,Monitored asynchronous concept,True
PAY00389,2026-06-13,233375.76,EUR,Farrell Inc,critical,cashback,ACC018,Streamlined eco-centric infrastructure,False
PAY00264,2026-06-13,55052.21,USD,Jones Ltd,critical,partner_settlement,ACC017,Front-line fresh-thinking budgetary management,False
PAY00169,2026-06-13,2181.45,USD,Barrett Inc,normal,salary,ACC019,Down-sized fresh-thinking monitoring,True
PAY00269,2026-06-13,432597.48,KZT,Phillips-Thompson,critical,tax_payment,ACC018,Reduced exuding installation,False
PAY00399,2026-06-13,157100.8,KZT,Johnson LLC,critical,bill_payment,ACC006,Vision-oriented asynchronous matrices,False
PAY00429,2026-06-13,168890.8,USD,Welch-Martinez,critical,bill_payment,ACC014,Face-to-face high-level core,False
PAY00403,2026-06-13,240836.52,KZT,Vaughn PLC,critical,tax_payment,ACC015,Multi-lateral modular encoding,False
PAY00194,2026-06-13,39042.33,USD,Skinner-Juarez,low,bill_payment,ACC002,Grass-roots intermediate website,True
PAY00471,2026-06-13,2799.16,GBP,"Lewis, Hernandez and Contreras",normal,salary,ACC017,Polarized value-added complexity,True
PAY00191,2026-06-13,8651.26,GBP,Bowen-Jackson,low,partner_settlement,ACC007,Mandatory value-added secured line,True
PAY00213,2026-06-14,66841.83,USD,Adams Inc,high,merchant_payout,ACC007,Decentralized maximized access,False
PAY00477,2026-06-14,116332.68,GBP,Oconnell-Martinez,critical,cashback,ACC018,Reactive multi-state capability,False
PAY00232,2026-06-14,34180.19,GBP,Swanson and Sons,high,merchant_payout,ACC020,Phased optimizing benchmark,False
PAY00078,2026-06-14,231822.61,USD,"Johnson, Nichols and Sims",critical,merchant_payout,ACC012,Multi-layered content-based emulation,False
PAY00153,2026-06-14,314139.43,EUR,Hill Ltd,critical,salary,ACC013,Organic coherent database,False
PAY00365,2026-06-14,16263.62,GBP,"Robinson, Contreras and Jones",high,bill_payment,ACC007,Object-based stable installation,False
PAY00350,2026-06-14,34152.32,EUR,Hill Group,low,cashback,ACC006,Proactive holistic function,True
PAY00407,2026-06-14,58645.51,EUR,Warner-Myers,high,cashback,ACC015,Self-enabling mission-critical emulation,False
PAY00320,2026-06-14,90953.24,USD,Spears-Rivas,high,bill_payment,ACC007,Innovative 6thgeneration moderator,False
PAY00307,2026-06-14,49291.01,USD,"Smith, Sparks and Hunt",normal,tax_payment,ACC014,Centralized incremental info-mediaries,True
PAY00302,2026-06-14,45532.55,GBP,Price and Sons,normal,salary,ACC020,Versatile leadingedge infrastructure,True
PAY00037,2026-06-14,28823.04,USD,Moore-Doyle,high,salary,ACC009,Operative solution-oriented core,False
PAY00252,2026-06-14,7283.31,KZT,"Gilbert, Henry and Johnson",normal,cashback,ACC011,Realigned context-sensitive application,True
PAY00031,2026-06-14,71291.08,USD,"Steele, Vasquez and Shaw",high,partner_settlement,ACC013,Centralized attitude-oriented strategy,False
PAY00029,2026-06-14,25983.95,KZT,Green-Spencer,normal,cashback,ACC017,Fundamental systematic analyzer,True
PAY00141,2026-06-14,437438.99,GBP,Allen-Velez,critical,bill_payment,ACC020,Ergonomic systemic migration,False
PAY00330,2026-06-15,12356.24,EUR,Moore PLC,normal,tax_payment,ACC008,Reactive impactful adapter,True
PAY00089,2026-06-15,66469.62,USD,"Patterson, Hoffman and Shelton",high,partner_settlement,ACC005,Self-enabling bifurcated forecast,False
PAY00347,2026-06-15,7952.53,KZT,Ramirez Inc,normal,salary,ACC003,Re-engineered bi-directional function,True
PAY00478,2026-06-15,50434.95,KZT,Baldwin Group,high,cashback,ACC016,Multi-channeled web-enabled attitude,False
PAY00027,2026-06-15,20152.5,EUR,Martin-Thomas,normal,tax_payment,ACC005,Reactive multi-tasking conglomeration,True
PAY00131,2026-06-15,38704.77,KZT,Terrell Inc,high,partner_settlement,ACC006,Virtual intangible service-desk,False
PAY00388,2026-06-15,5765.68,EUR,"Keith, Kennedy and Dillon",low,partner_settlement,ACC009,Focused upward-trending task-force,True
PAY00349,2026-06-15,44154.84,KZT,Friedman LLC,normal,cashback,ACC016,Versatile actuating core,True
PAY00020,2026-06-15,87917.03,GBP,"Lawrence, Rogers and Mcdaniel",high,salary,ACC020,Advanced incremental Local Area Network,False
PAY00016,2026-06-15,433406.44,GBP,"Morgan, Guzman and Proctor",critical,cashback,ACC013,Inverse optimizing open architecture,False
PAY00228,2026-06-15,38706.94,KZT,"Stephens, Gross and Mcbride",high,cashback,ACC018,Business-focused eco-centric customer loyalty,False
PAY00392,2026-06-16,40185.97,EUR,Jackson-Franklin,normal,bill_payment,ACC003,Fully-configurable executive policy,True
PAY00453,2026-06-16,25813.3,USD,Morgan and Sons,normal,cashback,ACC009,Managed local orchestration,True
PAY00496,2026-06-16,390844.87,KZT,Anderson Group,critical,partner_settlement,ACC009,Polarized zero administration solution,False
PAY00102,2026-06-16,24879.95,EUR,Sanchez PLC,normal,salary,ACC010,Grass-roots clear-thinking Local Area Network,True
PAY00378,2026-06-16,48573.4,KZT,"Villa, Chavez and Oliver",normal,partner_settlement,ACC002,Switchable 3rdgeneration ability,True
PAY00450,2026-06-16,61589.61,GBP,"Avila, Boyer and Hines",high,salary,ACC013,Cross-group bifurcated emulation,False
PAY00044,2026-06-16,11649.95,EUR,Mathews Ltd,normal,salary,ACC001,Sharable full-range matrices,True
PAY00127,2026-06-16,257889.83,EUR,"Sullivan, Dougherty and Morris",critical,salary,ACC020,Down-sized mobile orchestration,False
PAY00283,2026-06-16,56096.58,GBP,Livingston Inc,critical,merchant_payout,ACC011,Organized even-keeled algorithm,False
PAY00155,2026-06-16,34602.48,KZT,Avila Inc,normal,salary,ACC018,Profound full-range help-desk,True
PAY00273,2026-06-16,16524.25,EUR,"Garcia, Hodges and Page",normal,salary,ACC008,User-centric homogeneous Internet solution,True
PAY00135,2026-06-16,55480.27,KZT,Henderson-Nguyen,high,bill_payment,ACC001,Re-contextualized mission-critical leverage,False
PAY00435,2026-06-16,59553.34,EUR,Martinez-Garner,critical,merchant_payout,ACC001,Grass-roots intermediate function,False
PAY00374,2026-06-16,27919.5,EUR,"Booth, Porter and Nunez",low,tax_payment,ACC017,Sharable maximized synergy,True
PAY00140,2026-06-16,8591.03,GBP,Lee-Wilson,normal,cashback,ACC014,Innovative discrete info-mediaries,True
PAY00159,2026-06-16,2284.09,GBP,Richmond-Taylor,normal,bill_payment,ACC020,User-centric maximized structure,True
PAY00157,2026-06-16,2960.33,USD,"Foster, Washington and Brown",normal,bill_payment,ACC005,Front-line object-oriented alliance,True
PAY00209,2026-06-16,64223.11,KZT,"Rice, Rocha and Green",high,cashback,ACC006,Persevering user-facing product,False
